timestamp,product_id,demand,supply,location
2023-01-01 00:00:00,74,20,34,Factory
2023-01-01 01:00:00,5,22,22,Store
2023-01-01 02:00:00,19,19,22,Factory
2023-01-01 03:00:00,33,26,24,Warehouse
2023-01-01 04:00:00,34,7,19,Store
2023-01-01 05:00:00,70,26,14,Warehouse
2023-01-01 06:00:00,36,26,21,Warehouse
2023-01-01 07:00:00,85,19,15,Warehouse
2023-01-01 08:00:00,74,20,25,Factory
2023-01-01 09:00:00,32,20,25,Store
2023-01-01 10:00:00,32,20,27,Store
2023-01-01 11:00:00,24,12,23,Store
2023-01-01 12:00:00,51,20,22,Factory
2023-01-01 13:00:00,26,20,24,Store
2023-01-01 14:00:00,13,22,23,Warehouse
2023-01-01 15:00:00,88,21,20,Warehouse
2023-01-01 16:00:00,10,9,21,Store
2023-01-01 17:00:00,67,21,23,Factory
2023-01-01 18:00:00,6,18,29,Store
2023-01-01 19:00:00,94,15,35,Factory
2023-01-01 20:00:00,72,11,28,Factory
2023-01-01 21:00:00,89,21,22,Warehouse
2023-01-01 22:00:00,58,13,25,Store
2023-01-01 23:00:00,21,23,22,Factory
2023-01-02 00:00:00,41,20,30,Warehouse
2023-01-02 01:00:00,86,15,18,Store
2023-01-02 02:00:00,45,18,16,Factory
2023-01-02 03:00:00,41,20,18,Factory
2023-01-02 04:00:00,10,9,15,Warehouse
2023-01-02 05:00:00,31,16,17,Store
2023-01-02 06:00:00,62,21,19,Store
2023-01-02 07:00:00,96,28,30,Store
2023-01-02 08:00:00,15,15,21,Warehouse
2023-01-02 09:00:00,18,21,23,Warehouse
2023-01-02 10:00:00,43,22,18,Factory
2023-01-02 11:00:00,91,17,22,Store
2023-01-02 12:00:00,19,19,24,Warehouse
2023-01-02 13:00:00,2,23,28,Warehouse
2023-01-02 14:00:00,69,20,18,Store
2023-01-02 15:00:00,16,19,23,Store
2023-01-02 16:00:00,64,19,26,Warehouse
2023-01-02 17:00:00,69,16,30,Warehouse
2023-01-02 18:00:00,4,11,20,Warehouse
2023-01-02 19:00:00,98,12,19,Store
2023-01-02 20:00:00,2,27,20,Store
2023-01-02 21:00:00,44,17,20,Warehouse
2023-01-02 22:00:00,3,18,25,Warehouse
2023-01-02 23:00:00,67,22,21,Factory
2023-01-03 00:00:00,83,16,21,Warehouse
2023-01-03 01:00:00,72,10,37,Warehouse
2023-01-03 02:00:00,45,17,27,Warehouse
2023-01-03 03:00:00,61,22,24,Warehouse
2023-01-03 04:00:00,25,22,31,Warehouse
2023-01-03 05:00:00,51,23,24,Warehouse
2023-01-03 06:00:00,24,19,19,Store
2023-01-03 07:00:00,8,21,23,Warehouse
2023-01-03 08:00:00,97,30,24,Warehouse
2023-01-03 09:00:00,46,25,17,Store
2023-01-03 10:00:00,97,20,18,Store
2023-01-03 11:00:00,66,17,17,Warehouse
2023-01-03 12:00:00,47,15,25,Warehouse
2023-01-03 13:00:00,15,22,22,Factory
2023-01-03 14:00:00,14,18,21,Factory
2023-01-03 15:00:00,20,16,24,Factory
2023-01-03 16:00:00,90,19,22,Warehouse
2023-01-03 17:00:00,35,18,25,Warehouse
2023-01-03 18:00:00,85,14,23,Store
2023-01-03 19:00:00,54,19,20,Warehouse
2023-01-03 20:00:00,8,27,12,Factory
2023-01-03 21:00:00,96,7,20,Store
2023-01-03 22:00:00,10,25,20,Warehouse
2023-01-03 23:00:00,81,15,27,Store
2023-01-04 00:00:00,9,19,23,Warehouse
2023-01-04 01:00:00,94,15,22,Store
2023-01-04 02:00:00,52,18,23,Factory
2023-01-04 03:00:00,45,15,21,Factory
2023-01-04 04:00:00,20,22,22,Factory
2023-01-04 05:00:00,70,22,21,Store
2023-01-04 06:00:00,7,20,23,Store
2023-01-04 07:00:00,54,16,24,Warehouse
2023-01-04 08:00:00,4,19,30,Store
2023-01-04 09:00:00,12,19,24,Store
2023-01-04 10:00:00,3,13,25,Warehouse
2023-01-04 11:00:00,16,13,15,Warehouse
2023-01-04 12:00:00,42,18,27,Warehouse
2023-01-04 13:00:00,30,18,24,Factory
2023-01-04 14:00:00,76,14,18,Factory
2023-01-04 15:00:00,25,25,16,Factory
2023-01-04 16:00:00,89,20,24,Warehouse
2023-01-04 17:00:00,90,27,24,Warehouse
2023-01-04 18:00:00,25,18,20,Warehouse
2023-01-04 19:00:00,70,14,17,Store
2023-01-04 20:00:00,2,19,24,Factory
2023-01-04 21:00:00,37,25,26,Store
2023-01-04 22:00:00,91,18,18,Store
2023-01-04 23:00:00,52,20,28,Factory
2023-01-05 00:00:00,60,16,13,Factory
2023-01-05 01:00:00,90,19,20,Warehouse
2023-01-05 02:00:00,31,16,19,Warehouse
2023-01-05 03:00:00,50,22,22,Factory
2023-01-05 04:00:00,84,28,22,Factory
2023-01-05 05:00:00,27,20,12,Factory
2023-01-05 06:00:00,35,16,31,Store
2023-01-05 07:00:00,77,24,21,Warehouse
2023-01-05 08:00:00,99,21,21,Warehouse
2023-01-05 09:00:00,58,25,17,Store
2023-01-05 10:00:00,52,18,23,Store
2023-01-05 11:00:00,32,18,18,Factory
2023-01-05 12:00:00,36,19,21,Warehouse
2023-01-05 13:00:00,5,22,14,Warehouse
2023-01-05 14:00:00,7,17,22,Warehouse
2023-01-05 15:00:00,97,30,28,Factory
2023-01-05 16:00:00,29,21,24,Store
2023-01-05 17:00:00,18,13,26,Store
2023-01-05 18:00:00,93,23,20,Factory
2023-01-05 19:00:00,22,17,30,Store
2023-01-05 20:00:00,44,19,25,Store
2023-01-05 21:00:00,85,18,20,Store
2023-01-05 22:00:00,42,17,23,Warehouse
2023-01-05 23:00:00,59,15,26,Factory
2023-01-06 00:00:00,77,23,18,Factory
2023-01-06 01:00:00,11,22,20,Warehouse
2023-01-06 02:00:00,55,24,11,Warehouse
2023-01-06 03:00:00,11,23,31,Factory
2023-01-06 04:00:00,67,25,24,Factory
2023-01-06 05:00:00,77,15,17,Factory
2023-01-06 06:00:00,23,19,22,Factory
2023-01-06 07:00:00,74,26,24,Factory
2023-01-06 08:00:00,55,22,32,Factory
2023-01-06 09:00:00,12,21,19,Warehouse
2023-01-06 10:00:00,54,23,20,Factory
2023-01-06 11:00:00,68,14,20,Store
2023-01-06 12:00:00,52,15,21,Factory
2023-01-06 13:00:00,69,24,15,Factory
2023-01-06 14:00:00,39,14,30,Store
2023-01-06 15:00:00,69,21,20,Factory
2023-01-06 16:00:00,56,19,19,Warehouse
2023-01-06 17:00:00,89,26,22,Factory
2023-01-06 18:00:00,87,20,21,Warehouse
2023-01-06 19:00:00,35,27,22,Factory
2023-01-06 20:00:00,53,24,24,Warehouse
2023-01-06 21:00:00,73,19,23,Store
2023-01-06 22:00:00,96,23,27,Factory
2023-01-06 23:00:00,94,15,22,Store
2023-01-07 00:00:00,49,21,15,Factory
2023-01-07 01:00:00,80,28,20,Warehouse
2023-01-07 02:00:00,70,22,18,Store
2023-01-07 03:00:00,21,20,19,Store
2023-01-07 04:00:00,16,16,25,Factory
2023-01-07 05:00:00,91,11,20,Warehouse
2023-01-07 06:00:00,85,17,24,Store
2023-01-07 07:00:00,53,16,24,Warehouse
2023-01-07 08:00:00,59,27,25,Warehouse
2023-01-07 09:00:00,90,29,33,Warehouse
2023-01-07 10:00:00,23,26,20,Factory
2023-01-07 11:00:00,86,23,25,Store
2023-01-07 12:00:00,54,19,22,Store
2023-01-07 13:00:00,29,21,23,Warehouse
2023-01-07 14:00:00,61,14,26,Factory
2023-01-07 15:00:00,32,21,28,Store
2023-01-07 16:00:00,73,23,18,Warehouse
2023-01-07 17:00:00,29,28,19,Factory
2023-01-07 18:00:00,74,17,30,Store
2023-01-07 19:00:00,9,14,16,Factory
2023-01-07 20:00:00,17,30,16,Store
2023-01-07 21:00:00,19,18,30,Factory
2023-01-07 22:00:00,57,23,27,Warehouse
2023-01-07 23:00:00,89,21,23,Store
2023-01-08 00:00:00,9,17,22,Factory
2023-01-08 01:00:00,37,24,18,Warehouse
2023-01-08 02:00:00,42,23,24,Store
2023-01-08 03:00:00,22,32,21,Store
2023-01-08 04:00:00,38,27,32,Factory
2023-01-08 05:00:00,85,22,18,Store
2023-01-08 06:00:00,80,15,24,Factory
2023-01-08 07:00:00,3,16,27,Factory
2023-01-08 08:00:00,78,18,29,Factory
2023-01-08 09:00:00,88,23,21,Store
2023-01-08 10:00:00,32,14,21,Warehouse
2023-01-08 11:00:00,50,21,21,Store
2023-01-08 12:00:00,7,20,20,Store
2023-01-08 13:00:00,99,19,23,Store
2023-01-08 14:00:00,55,20,16,Warehouse
2023-01-08 15:00:00,2,22,24,Factory
2023-01-08 16:00:00,12,19,25,Store
2023-01-08 17:00:00,97,15,14,Warehouse
2023-01-08 18:00:00,87,15,24,Warehouse
2023-01-08 19:00:00,97,13,25,Store
2023-01-08 20:00:00,75,20,21,Warehouse
2023-01-08 21:00:00,1,17,26,Factory
2023-01-08 22:00:00,94,27,16,Warehouse
2023-01-08 23:00:00,54,22,18,Factory
2023-01-09 00:00:00,64,27,24,Warehouse
2023-01-09 01:00:00,72,21,21,Factory
2023-01-09 02:00:00,54,15,31,Store
2023-01-09 03:00:00,65,15,39,Warehouse
2023-01-09 04:00:00,11,21,26,Store
2023-01-09 05:00:00,80,26,22,Factory
2023-01-09 06:00:00,95,13,32,Store
2023-01-09 07:00:00,5,20,24,Store
2023-01-09 08:00:00,82,22,23,Store
2023-01-09 09:00:00,14,20,22,Factory
2023-01-09 10:00:00,38,18,15,Store
2023-01-09 11:00:00,93,24,20,Factory
2023-01-09 12:00:00,65,19,21,Factory
2023-01-09 13:00:00,40,22,23,Factory
2023-01-09 14:00:00,31,17,19,Store
2023-01-09 15:00:00,80,17,14,Store
2023-01-09 16:00:00,85,14,32,Factory
2023-01-09 17:00:00,67,22,21,Store
2023-01-09 18:00:00,40,22,21,Factory
2023-01-09 19:00:00,77,12,18,Store
2023-01-09 20:00:00,52,10,19,Factory
2023-01-09 21:00:00,29,19,36,Warehouse
2023-01-09 22:00:00,14,19,16,Store
2023-01-09 23:00:00,88,16,18,Store
2023-01-10 00:00:00,82,15,24,Factory
2023-01-10 01:00:00,71,16,29,Warehouse
2023-01-10 02:00:00,92,15,24,Factory
2023-01-10 03:00:00,80,25,18,Store
2023-01-10 04:00:00,54,16,27,Warehouse
2023-01-10 05:00:00,45,18,22,Store
2023-01-10 06:00:00,88,25,19,Store
2023-01-10 07:00:00,11,25,26,Store
2023-01-10 08:00:00,52,16,22,Warehouse
2023-01-10 09:00:00,71,22,15,Factory
2023-01-10 10:00:00,58,21,24,Warehouse
2023-01-10 11:00:00,81,19,21,Warehouse
2023-01-10 12:00:00,37,12,24,Factory
2023-01-10 13:00:00,16,20,24,Factory
2023-01-10 14:00:00,41,25,26,Factory
2023-01-10 15:00:00,42,24,28,Warehouse
2023-01-10 16:00:00,92,16,20,Store
2023-01-10 17:00:00,68,22,18,Factory
2023-01-10 18:00:00,93,21,16,Factory
2023-01-10 19:00:00,88,22,29,Warehouse
2023-01-10 20:00:00,73,15,24,Store
2023-01-10 21:00:00,38,18,25,Store
2023-01-10 22:00:00,60,17,22,Factory
2023-01-10 23:00:00,11,18,19,Factory
2023-01-11 00:00:00,94,24,18,Warehouse
2023-01-11 01:00:00,38,22,26,Store
2023-01-11 02:00:00,52,15,23,Warehouse
2023-01-11 03:00:00,27,17,20,Warehouse
2023-01-11 04:00:00,68,16,21,Factory
2023-01-11 05:00:00,89,17,26,Factory
2023-01-11 06:00:00,55,24,25,Warehouse
2023-01-11 07:00:00,98,21,23,Warehouse
2023-01-11 08:00:00,33,21,24,Factory
2023-01-11 09:00:00,3,22,18,Factory
2023-01-11 10:00:00,82,19,29,Store
2023-01-11 11:00:00,4,18,26,Store
2023-01-11 12:00:00,3,27,22,Factory
2023-01-11 13:00:00,3,16,20,Store
2023-01-11 14:00:00,67,19,24,Factory
2023-01-11 15:00:00,42,20,25,Store
2023-01-11 16:00:00,32,24,27,Warehouse
2023-01-11 17:00:00,76,16,15,Store
2023-01-11 18:00:00,69,25,19,Warehouse
2023-01-11 19:00:00,64,18,22,Factory
2023-01-11 20:00:00,93,21,22,Store
2023-01-11 21:00:00,10,21,17,Factory
2023-01-11 22:00:00,63,22,16,Store
2023-01-11 23:00:00,86,18,22,Store
2023-01-12 00:00:00,56,21,25,Factory
2023-01-12 01:00:00,91,18,18,Store
2023-01-12 02:00:00,90,26,15,Store
2023-01-12 03:00:00,52,28,20,Warehouse
2023-01-12 04:00:00,84,20,20,Store
2023-01-12 05:00:00,53,17,23,Factory
2023-01-12 06:00:00,96,15,18,Store
2023-01-12 07:00:00,13,17,28,Store
2023-01-12 08:00:00,96,13,16,Store
2023-01-12 09:00:00,15,17,20,Warehouse
2023-01-12 10:00:00,93,19,27,Factory
2023-01-12 11:00:00,9,20,25,Warehouse
2023-01-12 12:00:00,73,16,21,Warehouse
2023-01-12 13:00:00,51,22,20,Factory
2023-01-12 14:00:00,86,16,24,Store
2023-01-12 15:00:00,82,14,23,Warehouse
2023-01-12 16:00:00,79,21,18,Warehouse
2023-01-12 17:00:00,6,17,17,Store
2023-01-12 18:00:00,77,19,23,Store
2023-01-12 19:00:00,47,22,23,Store
2023-01-12 20:00:00,72,22,18,Store
2023-01-12 21:00:00,38,27,18,Warehouse
2023-01-12 22:00:00,85,19,21,Store
2023-01-12 23:00:00,64,23,24,Store
2023-01-13 00:00:00,11,17,16,Warehouse
2023-01-13 01:00:00,31,18,19,Factory
2023-01-13 02:00:00,28,21,21,Factory
2023-01-13 03:00:00,7,22,19,Store
2023-01-13 04:00:00,77,19,20,Store
2023-01-13 05:00:00,85,16,22,Factory
2023-01-13 06:00:00,4,21,19,Warehouse
2023-01-13 07:00:00,11,22,25,Warehouse
2023-01-13 08:00:00,47,18,12,Factory
2023-01-13 09:00:00,35,25,16,Store
2023-01-13 10:00:00,80,21,17,Warehouse
2023-01-13 11:00:00,7,21,23,Warehouse
2023-01-13 12:00:00,94,24,16,Store
2023-01-13 13:00:00,35,14,24,Store
2023-01-13 14:00:00,66,29,18,Store
2023-01-13 15:00:00,77,21,22,Warehouse
2023-01-13 16:00:00,29,29,20,Factory
2023-01-13 17:00:00,88,20,34,Warehouse
2023-01-13 18:00:00,51,21,24,Factory
2023-01-13 19:00:00,92,13,24,Store
2023-01-13 20:00:00,82,34,32,Warehouse
2023-01-13 21:00:00,91,25,16,Factory
2023-01-13 22:00:00,18,17,18,Factory
2023-01-13 23:00:00,8,21,18,Store
2023-01-14 00:00:00,8,26,16,Store
2023-01-14 01:00:00,89,14,21,Store
2023-01-14 02:00:00,91,24,26,Factory
2023-01-14 03:00:00,48,16,18,Store
2023-01-14 04:00:00,56,19,29,Store
2023-01-14 05:00:00,93,13,19,Store
2023-01-14 06:00:00,60,19,20,Store
2023-01-14 07:00:00,22,21,16,Store
2023-01-14 08:00:00,13,17,21,Warehouse
2023-01-14 09:00:00,63,17,16,Store
2023-01-14 10:00:00,32,24,15,Factory
2023-01-14 11:00:00,61,11,23,Warehouse
2023-01-14 12:00:00,62,24,29,Factory
2023-01-14 13:00:00,35,16,15,Store
2023-01-14 14:00:00,97,17,21,Store
2023-01-14 15:00:00,86,17,15,Store
2023-01-14 16:00:00,19,24,25,Store
2023-01-14 17:00:00,31,13,18,Warehouse
2023-01-14 18:00:00,87,27,25,Factory
2023-01-14 19:00:00,94,27,22,Warehouse
2023-01-14 20:00:00,87,18,19,Factory
2023-01-14 21:00:00,50,25,24,Warehouse
2023-01-14 22:00:00,46,25,18,Warehouse
2023-01-14 23:00:00,21,25,13,Store
2023-01-15 00:00:00,7,28,14,Store
2023-01-15 01:00:00,74,19,22,Factory
2023-01-15 02:00:00,23,18,21,Factory
2023-01-15 03:00:00,95,26,16,Factory
2023-01-15 04:00:00,68,24,23,Warehouse
2023-01-15 05:00:00,1,23,25,Warehouse
2023-01-15 06:00:00,56,22,15,Store
2023-01-15 07:00:00,19,30,22,Factory
2023-01-15 08:00:00,58,17,22,Warehouse
2023-01-15 09:00:00,3,21,9,Warehouse
2023-01-15 10:00:00,14,23,20,Warehouse
2023-01-15 11:00:00,33,19,31,Store
2023-01-15 12:00:00,95,16,27,Factory
2023-01-15 13:00:00,61,22,29,Factory
2023-01-15 14:00:00,71,20,20,Store
2023-01-15 15:00:00,59,20,19,Store
2023-01-15 16:00:00,96,19,26,Factory
2023-01-15 17:00:00,51,15,22,Warehouse
2023-01-15 18:00:00,20,16,23,Factory
2023-01-15 19:00:00,57,24,25,Warehouse
2023-01-15 20:00:00,94,23,23,Store
2023-01-15 21:00:00,82,21,25,Warehouse
2023-01-15 22:00:00,20,26,22,Store
2023-01-15 23:00:00,80,20,26,Warehouse
2023-01-16 00:00:00,98,24,24,Factory
2023-01-16 01:00:00,15,17,16,Store
2023-01-16 02:00:00,62,14,20,Warehouse
2023-01-16 03:00:00,62,15,24,Warehouse
2023-01-16 04:00:00,95,17,12,Store
2023-01-16 05:00:00,15,20,25,Factory
2023-01-16 06:00:00,38,34,23,Factory
2023-01-16 07:00:00,25,14,23,Store
2023-01-16 08:00:00,65,21,25,Warehouse
2023-01-16 09:00:00,40,21,15,Store
2023-01-16 10:00:00,83,19,21,Factory
2023-01-16 11:00:00,22,24,27,Warehouse
2023-01-16 12:00:00,78,17,17,Warehouse
2023-01-16 13:00:00,10,19,16,Factory
2023-01-16 14:00:00,80,21,18,Factory
2023-01-16 15:00:00,56,23,17,Store
2023-01-16 16:00:00,47,16,28,Warehouse
2023-01-16 17:00:00,17,20,21,Warehouse
2023-01-16 18:00:00,5,21,24,Store
2023-01-16 19:00:00,44,25,31,Warehouse
2023-01-16 20:00:00,83,20,20,Factory
2023-01-16 21:00:00,77,25,30,Store
2023-01-16 22:00:00,31,19,26,Factory
2023-01-16 23:00:00,38,21,25,Store
2023-01-17 00:00:00,82,15,19,Store
2023-01-17 01:00:00,93,26,22,Store
2023-01-17 02:00:00,61,15,27,Store
2023-01-17 03:00:00,28,25,21,Warehouse
2023-01-17 04:00:00,82,18,18,Store
2023-01-17 05:00:00,9,25,21,Store
2023-01-17 06:00:00,61,11,24,Warehouse
2023-01-17 07:00:00,13,25,20,Warehouse
2023-01-17 08:00:00,14,23,23,Warehouse
2023-01-17 09:00:00,59,18,16,Warehouse
2023-01-17 10:00:00,90,23,21,Factory
2023-01-17 11:00:00,67,30,19,Store
2023-01-17 12:00:00,53,20,26,Store
2023-01-17 13:00:00,78,19,22,Store
2023-01-17 14:00:00,93,25,17,Warehouse
2023-01-17 15:00:00,37,17,19,Store
2023-01-17 16:00:00,7,20,30,Warehouse
2023-01-17 17:00:00,90,19,13,Factory
2023-01-17 18:00:00,78,24,28,Warehouse
2023-01-17 19:00:00,21,22,21,Store
2023-01-17 20:00:00,28,18,20,Warehouse
2023-01-17 21:00:00,53,25,19,Factory
2023-01-17 22:00:00,24,20,22,Warehouse
2023-01-17 23:00:00,5,25,23,Store
2023-01-18 00:00:00,95,20,13,Factory
2023-01-18 01:00:00,31,24,18,Warehouse
2023-01-18 02:00:00,76,19,8,Warehouse
2023-01-18 03:00:00,75,24,13,Factory
2023-01-18 04:00:00,74,15,14,Factory
2023-01-18 05:00:00,35,20,16,Store
2023-01-18 06:00:00,77,25,23,Factory
2023-01-18 07:00:00,42,16,21,Factory
2023-01-18 08:00:00,82,16,27,Warehouse
2023-01-18 09:00:00,55,16,17,Factory
2023-01-18 10:00:00,50,20,25,Factory
2023-01-18 11:00:00,51,15,25,Factory
2023-01-18 12:00:00,56,27,23,Warehouse
2023-01-18 13:00:00,93,19,22,Store
2023-01-18 14:00:00,13,20,15,Factory
2023-01-18 15:00:00,1,19,25,Factory
2023-01-18 16:00:00,94,19,15,Warehouse
2023-01-18 17:00:00,77,21,24,Store
2023-01-18 18:00:00,5,20,20,Factory
2023-01-18 19:00:00,84,30,23,Factory
2023-01-18 20:00:00,66,10,12,Factory
2023-01-18 21:00:00,81,22,21,Warehouse
2023-01-18 22:00:00,17,17,21,Factory
2023-01-18 23:00:00,42,13,25,Store
2023-01-19 00:00:00,76,16,15,Store
2023-01-19 01:00:00,22,19,16,Store
2023-01-19 02:00:00,11,13,21,Warehouse
2023-01-19 03:00:00,12,15,30,Warehouse
2023-01-19 04:00:00,82,22,15,Warehouse
2023-01-19 05:00:00,18,23,25,Warehouse
2023-01-19 06:00:00,81,24,24,Factory
2023-01-19 07:00:00,78,16,18,Factory
2023-01-19 08:00:00,85,22,26,Factory
2023-01-19 09:00:00,29,12,20,Store
2023-01-19 10:00:00,39,14,24,Store
2023-01-19 11:00:00,73,25,21,Warehouse
2023-01-19 12:00:00,64,17,32,Factory
2023-01-19 13:00:00,76,19,16,Warehouse
2023-01-19 14:00:00,10,17,17,Factory
2023-01-19 15:00:00,14,12,28,Warehouse
2023-01-19 16:00:00,55,22,23,Factory
2023-01-19 17:00:00,17,18,20,Factory
2023-01-19 18:00:00,96,18,13,Warehouse
2023-01-19 19:00:00,46,13,11,Warehouse
2023-01-19 20:00:00,63,11,17,Warehouse
2023-01-19 21:00:00,97,23,24,Factory
2023-01-19 22:00:00,66,22,22,Warehouse
2023-01-19 23:00:00,2,11,19,Store
2023-01-20 00:00:00,50,23,26,Warehouse
2023-01-20 01:00:00,70,17,24,Store
2023-01-20 02:00:00,47,19,18,Warehouse
2023-01-20 03:00:00,9,19,22,Factory
2023-01-20 04:00:00,28,17,18,Factory
2023-01-20 05:00:00,94,21,28,Warehouse
2023-01-20 06:00:00,67,18,16,Warehouse
2023-01-20 07:00:00,46,27,25,Warehouse
2023-01-20 08:00:00,85,19,24,Factory
2023-01-20 09:00:00,31,16,25,Warehouse
2023-01-20 10:00:00,93,20,21,Factory
2023-01-20 11:00:00,96,21,22,Factory
2023-01-20 12:00:00,82,22,22,Store
2023-01-20 13:00:00,96,25,24,Factory
2023-01-20 14:00:00,59,22,19,Warehouse
2023-01-20 15:00:00,3,19,19,Warehouse
2023-01-20 16:00:00,7,13,18,Factory
2023-01-20 17:00:00,77,20,17,Warehouse
2023-01-20 18:00:00,76,14,19,Warehouse
2023-01-20 19:00:00,76,18,20,Store
2023-01-20 20:00:00,14,19,25,Factory
2023-01-20 21:00:00,33,27,21,Store
2023-01-20 22:00:00,35,20,18,Warehouse
2023-01-20 23:00:00,25,20,18,Warehouse
2023-01-21 00:00:00,83,16,31,Factory
2023-01-21 01:00:00,37,25,28,Store
2023-01-21 02:00:00,79,23,22,Warehouse
2023-01-21 03:00:00,20,13,27,Factory
2023-01-21 04:00:00,82,22,21,Store
2023-01-21 05:00:00,38,16,20,Store
2023-01-21 06:00:00,46,22,23,Store
2023-01-21 07:00:00,97,22,22,Store
2023-01-21 08:00:00,1,26,25,Factory
2023-01-21 09:00:00,63,20,21,Store
2023-01-21 10:00:00,81,23,25,Factory
2023-01-21 11:00:00,55,28,19,Factory
2023-01-21 12:00:00,91,21,17,Store
2023-01-21 13:00:00,18,18,14,Store
2023-01-21 14:00:00,68,17,31,Factory
2023-01-21 15:00:00,35,24,28,Factory
2023-01-21 16:00:00,85,14,25,Factory
2023-01-21 17:00:00,38,17,15,Store
2023-01-21 18:00:00,10,23,25,Store
2023-01-21 19:00:00,36,24,23,Store
2023-01-21 20:00:00,87,22,12,Factory
2023-01-21 21:00:00,69,28,20,Factory
2023-01-21 22:00:00,14,23,21,Store
2023-01-21 23:00:00,7,14,19,Factory
2023-01-22 00:00:00,23,19,21,Factory
2023-01-22 01:00:00,39,26,28,Factory
2023-01-22 02:00:00,81,23,25,Factory
2023-01-22 03:00:00,44,19,15,Store
2023-01-22 04:00:00,68,16,31,Store
2023-01-22 05:00:00,69,22,23,Store
2023-01-22 06:00:00,82,26,18,Store
2023-01-22 07:00:00,99,24,22,Factory
2023-01-22 08:00:00,93,18,26,Factory
2023-01-22 09:00:00,63,16,23,Factory
2023-01-22 10:00:00,51,21,35,Warehouse
2023-01-22 11:00:00,66,23,22,Warehouse
2023-01-22 12:00:00,15,20,26,Store
2023-01-22 13:00:00,90,23,23,Factory
2023-01-22 14:00:00,64,26,15,Warehouse
2023-01-22 15:00:00,20,15,21,Warehouse
2023-01-22 16:00:00,1,24,21,Warehouse
2023-01-22 17:00:00,83,15,20,Store
2023-01-22 18:00:00,76,16,27,Warehouse
2023-01-22 19:00:00,79,22,17,Store
2023-01-22 20:00:00,57,20,21,Factory
2023-01-22 21:00:00,77,19,20,Warehouse
2023-01-22 22:00:00,44,17,29,Store
2023-01-22 23:00:00,67,21,26,Store
2023-01-23 00:00:00,84,20,19,Store
2023-01-23 01:00:00,97,22,25,Store
2023-01-23 02:00:00,61,24,21,Store
2023-01-23 03:00:00,72,17,22,Warehouse
2023-01-23 04:00:00,79,18,21,Factory
2023-01-23 05:00:00,48,16,25,Store
2023-01-23 06:00:00,8,22,24,Factory
2023-01-23 07:00:00,72,27,15,Warehouse
2023-01-23 08:00:00,74,31,25,Warehouse
2023-01-23 09:00:00,28,22,20,Warehouse
2023-01-23 10:00:00,52,20,23,Factory
2023-01-23 11:00:00,61,13,27,Store
2023-01-23 12:00:00,24,20,25,Store
2023-01-23 13:00:00,18,18,16,Warehouse
2023-01-23 14:00:00,64,22,18,Warehouse
2023-01-23 15:00:00,10,18,21,Store
2023-01-23 16:00:00,40,28,21,Warehouse
2023-01-23 17:00:00,71,21,20,Factory
2023-01-23 18:00:00,99,19,21,Warehouse
2023-01-23 19:00:00,88,23,27,Factory
2023-01-23 20:00:00,3,18,15,Warehouse
2023-01-23 21:00:00,97,22,23,Factory
2023-01-23 22:00:00,23,23,21,Store
2023-01-23 23:00:00,73,24,24,Factory
2023-01-24 00:00:00,74,19,33,Factory
2023-01-24 01:00:00,53,21,21,Factory
2023-01-24 02:00:00,7,20,24,Store
2023-01-24 03:00:00,95,21,23,Store
2023-01-24 04:00:00,25,19,24,Warehouse
2023-01-24 05:00:00,68,26,16,Warehouse
2023-01-24 06:00:00,13,21,19,Warehouse
2023-01-24 07:00:00,91,16,17,Warehouse
2023-01-24 08:00:00,95,16,29,Factory
2023-01-24 09:00:00,25,23,21,Factory
2023-01-24 10:00:00,66,15,19,Warehouse
2023-01-24 11:00:00,5,14,19,Store
2023-01-24 12:00:00,65,19,16,Warehouse
2023-01-24 13:00:00,76,21,17,Warehouse
2023-01-24 14:00:00,57,22,17,Warehouse
2023-01-24 15:00:00,84,20,20,Store
2023-01-24 16:00:00,93,17,18,Warehouse
2023-01-24 17:00:00,17,27,19,Store
2023-01-24 18:00:00,62,29,21,Warehouse
2023-01-24 19:00:00,73,21,21,Store
2023-01-24 20:00:00,50,27,22,Warehouse
2023-01-24 21:00:00,82,27,29,Store
2023-01-24 22:00:00,55,25,24,Factory
2023-01-24 23:00:00,64,22,22,Factory
2023-01-25 00:00:00,80,22,20,Factory
2023-01-25 01:00:00,59,21,24,Factory
2023-01-25 02:00:00,34,15,21,Store
2023-01-25 03:00:00,39,16,21,Store
2023-01-25 04:00:00,49,19,21,Store
2023-01-25 05:00:00,6,30,18,Warehouse
2023-01-25 06:00:00,64,14,27,Factory
2023-01-25 07:00:00,78,20,22,Store
2023-01-25 08:00:00,18,27,22,Store
2023-01-25 09:00:00,56,25,10,Store
2023-01-25 10:00:00,54,13,16,Warehouse
2023-01-25 11:00:00,50,14,20,Warehouse
2023-01-25 12:00:00,14,22,25,Store
2023-01-25 13:00:00,20,18,25,Factory
2023-01-25 14:00:00,58,24,21,Warehouse
2023-01-25 15:00:00,20,21,17,Warehouse
2023-01-25 16:00:00,85,20,26,Warehouse
2023-01-25 17:00:00,21,25,25,Warehouse
2023-01-25 18:00:00,7,25,22,Warehouse
2023-01-25 19:00:00,26,19,20,Store
2023-01-25 20:00:00,57,25,21,Store
2023-01-25 21:00:00,30,27,30,Store
2023-01-25 22:00:00,9,23,25,Warehouse
2023-01-25 23:00:00,1,17,22,Factory
2023-01-26 00:00:00,67,21,17,Store
2023-01-26 01:00:00,33,21,17,Store
2023-01-26 02:00:00,36,21,23,Store
2023-01-26 03:00:00,64,16,20,Store
2023-01-26 04:00:00,46,26,21,Factory
2023-01-26 05:00:00,24,23,30,Warehouse
2023-01-26 06:00:00,38,20,25,Factory
2023-01-26 07:00:00,53,22,26,Warehouse
2023-01-26 08:00:00,42,19,14,Factory
2023-01-26 09:00:00,51,21,26,Factory
2023-01-26 10:00:00,3,20,15,Factory
2023-01-26 11:00:00,9,16,20,Warehouse
2023-01-26 12:00:00,41,15,18,Factory
2023-01-26 13:00:00,57,21,22,Store
2023-01-26 14:00:00,3,17,30,Factory
2023-01-26 15:00:00,62,17,31,Warehouse
2023-01-26 16:00:00,36,11,14,Warehouse
2023-01-26 17:00:00,51,11,19,Factory
2023-01-26 18:00:00,48,14,19,Store
2023-01-26 19:00:00,35,23,20,Factory
2023-01-26 20:00:00,64,20,21,Store
2023-01-26 21:00:00,38,18,27,Store
2023-01-26 22:00:00,6,17,24,Factory
2023-01-26 23:00:00,90,22,21,Store
2023-01-27 00:00:00,49,26,15,Store
2023-01-27 01:00:00,47,27,24,Factory
2023-01-27 02:00:00,91,23,19,Warehouse
2023-01-27 03:00:00,37,16,16,Factory
2023-01-27 04:00:00,6,15,23,Store
2023-01-27 05:00:00,83,21,16,Warehouse
2023-01-27 06:00:00,92,16,31,Store
2023-01-27 07:00:00,3,18,24,Store
2023-01-27 08:00:00,22,19,29,Store
2023-01-27 09:00:00,47,15,19,Store
2023-01-27 10:00:00,70,22,16,Store
2023-01-27 11:00:00,66,25,29,Store
2023-01-27 12:00:00,19,20,23,Factory
2023-01-27 13:00:00,84,14,24,Factory
2023-01-27 14:00:00,90,17,21,Warehouse
2023-01-27 15:00:00,30,25,22,Warehouse
2023-01-27 16:00:00,11,17,20,Store
2023-01-27 17:00:00,60,20,18,Store
2023-01-27 18:00:00,24,20,19,Store
2023-01-27 19:00:00,11,22,30,Warehouse
2023-01-27 20:00:00,12,27,20,Factory
2023-01-27 21:00:00,36,25,18,Warehouse
2023-01-27 22:00:00,22,20,20,Store
2023-01-27 23:00:00,37,19,22,Store
2023-01-28 00:00:00,53,19,21,Factory
2023-01-28 01:00:00,25,19,17,Factory
2023-01-28 02:00:00,42,15,21,Warehouse
2023-01-28 03:00:00,75,17,25,Store
2023-01-28 04:00:00,26,20,22,Warehouse
2023-01-28 05:00:00,17,15,18,Warehouse
2023-01-28 06:00:00,76,22,13,Factory
2023-01-28 07:00:00,56,17,20,Store
2023-01-28 08:00:00,67,24,24,Factory
2023-01-28 09:00:00,65,17,19,Warehouse
2023-01-28 10:00:00,2,23,27,Warehouse
2023-01-28 11:00:00,21,23,28,Warehouse
2023-01-28 12:00:00,77,18,18,Store
2023-01-28 13:00:00,36,22,22,Warehouse
2023-01-28 14:00:00,78,25,26,Factory
2023-01-28 15:00:00,61,31,18,Store
2023-01-28 16:00:00,92,20,24,Factory
2023-01-28 17:00:00,70,22,21,Warehouse
2023-01-28 18:00:00,96,24,27,Factory
2023-01-28 19:00:00,14,18,19,Factory
2023-01-28 20:00:00,69,21,27,Warehouse
2023-01-28 21:00:00,92,22,18,Store
2023-01-28 22:00:00,7,14,17,Factory
2023-01-28 23:00:00,12,30,28,Warehouse
2023-01-29 00:00:00,73,25,21,Store
2023-01-29 01:00:00,31,21,20,Warehouse
2023-01-29 02:00:00,12,29,27,Store
2023-01-29 03:00:00,31,13,21,Warehouse
2023-01-29 04:00:00,79,26,22,Factory
2023-01-29 05:00:00,26,18,21,Store
2023-01-29 06:00:00,96,19,19,Store
2023-01-29 07:00:00,6,26,37,Factory
2023-01-29 08:00:00,48,21,16,Store
2023-01-29 09:00:00,71,25,29,Factory
2023-01-29 10:00:00,97,19,22,Warehouse
2023-01-29 11:00:00,28,19,20,Factory
2023-01-29 12:00:00,98,25,19,Store
2023-01-29 13:00:00,70,21,18,Factory
2023-01-29 14:00:00,61,23,24,Warehouse
2023-01-29 15:00:00,64,22,23,Store
2023-01-29 16:00:00,2,17,22,Warehouse
2023-01-29 17:00:00,84,19,20,Store
2023-01-29 18:00:00,89,28,19,Factory
2023-01-29 19:00:00,25,16,24,Factory
2023-01-29 20:00:00,14,16,17,Factory
2023-01-29 21:00:00,25,16,27,Warehouse
2023-01-29 22:00:00,24,17,27,Warehouse
2023-01-29 23:00:00,78,17,21,Warehouse
2023-01-30 00:00:00,62,26,23,Factory
2023-01-30 01:00:00,16,31,19,Warehouse
2023-01-30 02:00:00,63,17,32,Store
2023-01-30 03:00:00,76,23,29,Store
2023-01-30 04:00:00,57,22,25,Factory
2023-01-30 05:00:00,32,24,22,Factory
2023-01-30 06:00:00,23,17,22,Factory
2023-01-30 07:00:00,11,33,16,Store
2023-01-30 08:00:00,68,13,28,Factory
2023-01-30 09:00:00,68,23,16,Factory
2023-01-30 10:00:00,42,24,21,Warehouse
2023-01-30 11:00:00,46,25,22,Factory
2023-01-30 12:00:00,88,30,20,Store
2023-01-30 13:00:00,98,18,22,Factory
2023-01-30 14:00:00,34,12,16,Factory
2023-01-30 15:00:00,39,18,23,Factory
2023-01-30 16:00:00,84,28,29,Warehouse
2023-01-30 17:00:00,88,26,20,Store
2023-01-30 18:00:00,86,21,24,Warehouse
2023-01-30 19:00:00,9,17,23,Warehouse
2023-01-30 20:00:00,49,25,18,Warehouse
2023-01-30 21:00:00,45,23,19,Warehouse
2023-01-30 22:00:00,36,18,20,Store
2023-01-30 23:00:00,38,13,26,Store
2023-01-31 00:00:00,1,15,23,Store
2023-01-31 01:00:00,76,15,32,Warehouse
2023-01-31 02:00:00,3,19,22,Warehouse
2023-01-31 03:00:00,7,24,20,Warehouse
2023-01-31 04:00:00,1,23,26,Factory
2023-01-31 05:00:00,92,23,24,Factory
2023-01-31 06:00:00,51,15,21,Store
2023-01-31 07:00:00,42,17,22,Factory
2023-01-31 08:00:00,34,19,26,Warehouse
2023-01-31 09:00:00,16,21,23,Store
2023-01-31 10:00:00,8,18,23,Factory
2023-01-31 11:00:00,23,17,23,Warehouse
2023-01-31 12:00:00,56,26,19,Store
2023-01-31 13:00:00,83,15,28,Store
2023-01-31 14:00:00,84,18,23,Factory
2023-01-31 15:00:00,30,22,23,Warehouse
2023-01-31 16:00:00,22,17,21,Warehouse
2023-01-31 17:00:00,32,15,19,Warehouse
2023-01-31 18:00:00,96,23,18,Warehouse
2023-01-31 19:00:00,68,18,23,Warehouse
2023-01-31 20:00:00,23,15,26,Factory
2023-01-31 21:00:00,95,26,26,Warehouse
2023-01-31 22:00:00,33,19,15,Factory
2023-01-31 23:00:00,74,17,24,Factory
2023-02-01 00:00:00,35,16,30,Warehouse
2023-02-01 01:00:00,12,22,23,Warehouse
2023-02-01 02:00:00,78,22,21,Store
2023-02-01 03:00:00,97,17,32,Factory
2023-02-01 04:00:00,86,19,18,Factory
2023-02-01 05:00:00,70,25,25,Warehouse
2023-02-01 06:00:00,79,24,34,Store
2023-02-01 07:00:00,67,16,17,Warehouse
2023-02-01 08:00:00,58,18,18,Store
2023-02-01 09:00:00,35,25,21,Store
2023-02-01 10:00:00,46,23,26,Warehouse
2023-02-01 11:00:00,77,26,19,Factory
2023-02-01 12:00:00,2,25,24,Factory
2023-02-01 13:00:00,48,22,27,Warehouse
2023-02-01 14:00:00,65,22,25,Factory
2023-02-01 15:00:00,26,22,35,Store
2023-02-01 16:00:00,16,22,14,Factory
2023-02-01 17:00:00,59,22,16,Warehouse
2023-02-01 18:00:00,81,15,21,Warehouse
2023-02-01 19:00:00,90,18,21,Warehouse
2023-02-01 20:00:00,96,22,15,Factory
2023-02-01 21:00:00,48,21,22,Factory
2023-02-01 22:00:00,97,17,21,Factory
2023-02-01 23:00:00,45,23,18,Factory
2023-02-02 00:00:00,89,23,24,Warehouse
2023-02-02 01:00:00,73,22,17,Factory
2023-02-02 02:00:00,11,21,22,Warehouse
2023-02-02 03:00:00,6,9,23,Factory
2023-02-02 04:00:00,37,21,25,Warehouse
2023-02-02 05:00:00,12,16,20,Store
2023-02-02 06:00:00,76,23,29,Factory
2023-02-02 07:00:00,97,16,9,Warehouse
2023-02-02 08:00:00,57,20,24,Store
2023-02-02 09:00:00,53,24,19,Factory
2023-02-02 10:00:00,31,22,30,Factory
2023-02-02 11:00:00,42,22,20,Store
2023-02-02 12:00:00,16,20,16,Warehouse
2023-02-02 13:00:00,62,18,17,Warehouse
2023-02-02 14:00:00,45,25,22,Warehouse
2023-02-02 15:00:00,23,22,17,Warehouse
2023-02-02 16:00:00,11,25,21,Factory
2023-02-02 17:00:00,91,12,22,Warehouse
2023-02-02 18:00:00,2,38,15,Factory
2023-02-02 19:00:00,31,24,17,Warehouse
2023-02-02 20:00:00,34,21,21,Warehouse
2023-02-02 21:00:00,55,16,15,Store
2023-02-02 22:00:00,51,18,17,Store
2023-02-02 23:00:00,16,20,19,Factory
2023-02-03 00:00:00,5,22,31,Warehouse
2023-02-03 01:00:00,75,14,38,Factory
2023-02-03 02:00:00,67,17,31,Store
2023-02-03 03:00:00,79,20,20,Store
2023-02-03 04:00:00,21,27,32,Store
2023-02-03 05:00:00,82,20,22,Store
2023-02-03 06:00:00,79,15,24,Store
2023-02-03 07:00:00,68,14,26,Store
2023-02-03 08:00:00,18,15,20,Factory
2023-02-03 09:00:00,95,15,20,Store
2023-02-03 10:00:00,64,20,27,Warehouse
2023-02-03 11:00:00,3,20,19,Store
2023-02-03 12:00:00,41,19,21,Factory
2023-02-03 13:00:00,54,13,22,Store
2023-02-03 14:00:00,59,15,19,Factory
2023-02-03 15:00:00,18,19,27,Warehouse
2023-02-03 16:00:00,16,25,21,Factory
2023-02-03 17:00:00,71,30,18,Store
2023-02-03 18:00:00,6,20,22,Warehouse
2023-02-03 19:00:00,69,20,17,Factory
2023-02-03 20:00:00,74,24,19,Store
2023-02-03 21:00:00,67,21,26,Store
2023-02-03 22:00:00,16,20,21,Factory
2023-02-03 23:00:00,7,33,17,Factory
2023-02-04 00:00:00,41,22,19,Store
2023-02-04 01:00:00,33,16,30,Store
2023-02-04 02:00:00,1,18,23,Factory
2023-02-04 03:00:00,4,19,34,Factory
2023-02-04 04:00:00,3,18,26,Store
2023-02-04 05:00:00,50,17,19,Store
2023-02-04 06:00:00,68,16,32,Store
2023-02-04 07:00:00,66,28,21,Factory
2023-02-04 08:00:00,67,25,23,Warehouse
2023-02-04 09:00:00,16,25,21,Warehouse
2023-02-04 10:00:00,29,20,26,Warehouse
2023-02-04 11:00:00,54,28,13,Warehouse
2023-02-04 12:00:00,38,13,18,Factory
2023-02-04 13:00:00,37,20,18,Warehouse
2023-02-04 14:00:00,14,18,20,Warehouse
2023-02-04 15:00:00,49,24,30,Factory
2023-02-04 16:00:00,70,18,27,Store
2023-02-04 17:00:00,83,22,28,Factory
2023-02-04 18:00:00,50,21,23,Warehouse
2023-02-04 19:00:00,24,15,15,Store
2023-02-04 20:00:00,29,19,23,Store
2023-02-04 21:00:00,62,21,19,Store
2023-02-04 22:00:00,78,15,28,Factory
2023-02-04 23:00:00,35,14,24,Factory
2023-02-05 00:00:00,86,15,21,Warehouse
2023-02-05 01:00:00,2,21,15,Store
2023-02-05 02:00:00,27,26,18,Factory
2023-02-05 03:00:00,52,24,19,Store
2023-02-05 04:00:00,67,23,25,Factory
2023-02-05 05:00:00,55,22,26,Warehouse
2023-02-05 06:00:00,30,21,23,Store
2023-02-05 07:00:00,54,18,19,Warehouse
2023-02-05 08:00:00,3,26,25,Warehouse
2023-02-05 09:00:00,80,26,26,Factory
2023-02-05 10:00:00,41,27,23,Warehouse
2023-02-05 11:00:00,90,20,21,Warehouse
2023-02-05 12:00:00,19,12,18,Store
2023-02-05 13:00:00,77,18,20,Store
2023-02-05 14:00:00,1,16,16,Factory
2023-02-05 15:00:00,46,30,19,Warehouse
2023-02-05 16:00:00,69,19,26,Factory
2023-02-05 17:00:00,68,24,25,Factory
2023-02-05 18:00:00,37,20,20,Store
2023-02-05 19:00:00,37,16,20,Factory
2023-02-05 20:00:00,2,21,23,Store
2023-02-05 21:00:00,57,19,24,Factory
2023-02-05 22:00:00,65,19,21,Warehouse
2023-02-05 23:00:00,55,18,25,Warehouse
2023-02-06 00:00:00,99,25,25,Store
2023-02-06 01:00:00,2,18,19,Warehouse
2023-02-06 02:00:00,79,19,19,Warehouse
2023-02-06 03:00:00,27,22,17,Store
2023-02-06 04:00:00,75,27,23,Store
2023-02-06 05:00:00,99,23,23,Store
2023-02-06 06:00:00,69,18,22,Warehouse
2023-02-06 07:00:00,96,23,26,Factory
2023-02-06 08:00:00,4,16,17,Store
2023-02-06 09:00:00,35,22,16,Store
2023-02-06 10:00:00,28,17,18,Store
2023-02-06 11:00:00,21,26,22,Store
2023-02-06 12:00:00,51,18,22,Factory
2023-02-06 13:00:00,92,29,15,Factory
2023-02-06 14:00:00,33,20,24,Store
2023-02-06 15:00:00,69,21,20,Warehouse
2023-02-06 16:00:00,89,15,30,Factory
2023-02-06 17:00:00,75,24,26,Store
2023-02-06 18:00:00,40,27,22,Warehouse
2023-02-06 19:00:00,49,24,21,Factory
2023-02-06 20:00:00,99,28,14,Factory
2023-02-06 21:00:00,14,23,16,Warehouse
2023-02-06 22:00:00,49,13,24,Factory
2023-02-06 23:00:00,93,18,29,Warehouse
2023-02-07 00:00:00,87,28,25,Warehouse
2023-02-07 01:00:00,52,17,22,Factory
2023-02-07 02:00:00,67,19,18,Factory
2023-02-07 03:00:00,26,11,31,Factory
2023-02-07 04:00:00,14,28,25,Store
2023-02-07 05:00:00,63,20,25,Warehouse
2023-02-07 06:00:00,54,31,24,Factory
2023-02-07 07:00:00,43,20,31,Warehouse
2023-02-07 08:00:00,13,21,20,Factory
2023-02-07 09:00:00,52,19,26,Factory
2023-02-07 10:00:00,8,23,13,Store
2023-02-07 11:00:00,15,24,23,Warehouse
2023-02-07 12:00:00,27,21,18,Warehouse
2023-02-07 13:00:00,97,33,29,Store
2023-02-07 14:00:00,59,20,18,Factory
2023-02-07 15:00:00,27,24,20,Store
2023-02-07 16:00:00,93,19,20,Store
2023-02-07 17:00:00,89,19,23,Store
2023-02-07 18:00:00,37,17,17,Factory
2023-02-07 19:00:00,97,21,16,Store
2023-02-07 20:00:00,2,25,25,Warehouse
2023-02-07 21:00:00,88,23,18,Warehouse
2023-02-07 22:00:00,17,17,20,Warehouse
2023-02-07 23:00:00,22,24,23,Factory
2023-02-08 00:00:00,3,15,22,Store
2023-02-08 01:00:00,75,20,24,Store
2023-02-08 02:00:00,15,19,19,Warehouse
2023-02-08 03:00:00,98,26,20,Factory
2023-02-08 04:00:00,36,16,25,Factory
2023-02-08 05:00:00,58,20,30,Factory
2023-02-08 06:00:00,67,16,28,Warehouse
2023-02-08 07:00:00,52,19,17,Store
2023-02-08 08:00:00,78,17,22,Factory
2023-02-08 09:00:00,91,22,22,Store
2023-02-08 10:00:00,17,21,24,Store
2023-02-08 11:00:00,47,18,16,Factory
2023-02-08 12:00:00,53,22,23,Factory
2023-02-08 13:00:00,16,16,25,Warehouse
2023-02-08 14:00:00,31,26,24,Factory
2023-02-08 15:00:00,62,17,19,Store
2023-02-08 16:00:00,28,15,27,Store
2023-02-08 17:00:00,42,28,20,Warehouse
2023-02-08 18:00:00,9,13,14,Warehouse
2023-02-08 19:00:00,30,18,19,Factory
2023-02-08 20:00:00,24,19,17,Store
2023-02-08 21:00:00,4,15,23,Factory
2023-02-08 22:00:00,2,17,22,Factory
2023-02-08 23:00:00,5,25,13,Warehouse
2023-02-09 00:00:00,68,22,17,Store
2023-02-09 01:00:00,38,22,22,Factory
2023-02-09 02:00:00,88,15,23,Store
2023-02-09 03:00:00,49,22,25,Store
2023-02-09 04:00:00,95,22,23,Store
2023-02-09 05:00:00,49,19,24,Factory
2023-02-09 06:00:00,7,23,33,Factory
2023-02-09 07:00:00,72,24,17,Store
2023-02-09 08:00:00,57,21,17,Factory
2023-02-09 09:00:00,63,24,23,Store
2023-02-09 10:00:00,45,23,26,Store
2023-02-09 11:00:00,71,20,18,Warehouse
2023-02-09 12:00:00,48,24,23,Warehouse
2023-02-09 13:00:00,13,19,21,Warehouse
2023-02-09 14:00:00,30,24,19,Store
2023-02-09 15:00:00,97,21,16,Warehouse
2023-02-09 16:00:00,92,23,25,Factory
2023-02-09 17:00:00,70,15,19,Warehouse
2023-02-09 18:00:00,39,16,22,Factory
2023-02-09 19:00:00,2,24,18,Store
2023-02-09 20:00:00,96,20,18,Factory
2023-02-09 21:00:00,10,15,29,Store
2023-02-09 22:00:00,11,20,19,Warehouse
2023-02-09 23:00:00,7,28,31,Store
2023-02-10 00:00:00,22,21,27,Store
2023-02-10 01:00:00,60,21,20,Store
2023-02-10 02:00:00,99,17,32,Factory
2023-02-10 03:00:00,80,20,24,Factory
2023-02-10 04:00:00,65,20,21,Store
2023-02-10 05:00:00,4,24,24,Factory
2023-02-10 06:00:00,21,15,28,Factory
2023-02-10 07:00:00,33,19,20,Factory
2023-02-10 08:00:00,83,25,22,Warehouse
2023-02-10 09:00:00,16,20,19,Warehouse
2023-02-10 10:00:00,69,23,35,Warehouse
2023-02-10 11:00:00,45,17,16,Warehouse
2023-02-10 12:00:00,98,21,29,Factory
2023-02-10 13:00:00,93,17,19,Store
2023-02-10 14:00:00,13,22,24,Store
2023-02-10 15:00:00,45,26,29,Store
2023-02-10 16:00:00,42,14,21,Warehouse
2023-02-10 17:00:00,52,15,19,Factory
2023-02-10 18:00:00,27,24,22,Warehouse
2023-02-10 19:00:00,47,27,19,Warehouse
2023-02-10 20:00:00,14,22,20,Factory
2023-02-10 21:00:00,46,16,18,Store
2023-02-10 22:00:00,38,17,23,Store
2023-02-10 23:00:00,21,28,32,Store
2023-02-11 00:00:00,22,17,24,Factory
2023-02-11 01:00:00,75,21,28,Factory
2023-02-11 02:00:00,56,16,20,Store
2023-02-11 03:00:00,32,22,20,Factory
2023-02-11 04:00:00,3,24,20,Factory
2023-02-11 05:00:00,48,17,22,Warehouse
2023-02-11 06:00:00,49,15,32,Store
2023-02-11 07:00:00,66,21,19,Warehouse
2023-02-11 08:00:00,39,20,22,Warehouse
2023-02-11 09:00:00,28,24,23,Factory
2023-02-11 10:00:00,87,16,17,Factory
2023-02-11 11:00:00,34,29,23,Factory
2023-02-11 12:00:00,21,14,26,Warehouse
2023-02-11 13:00:00,55,19,23,Factory
2023-02-11 14:00:00,14,26,22,Store
2023-02-11 15:00:00,38,23,24,Warehouse
